id,name,nameDisplay,abv,availableId,styleId,isRetired,status,statusDisplay,createDate,updateDate,labels.icon,labels.medium,labels.large,labels.contentAwareIcon,labels.contentAwareMedium,labels.contentAwareLarge,available.id,available.name,available.description,style.id,style.categoryId,style.category.id,style.category.name,style.category.createDate,style.name,style.shortName,style.description,style.ibuMin,style.ibuMax,style.abvMin,style.abvMax,style.srmMin,style.srmMax,style.ogMin,style.fgMin,style.fgMax,style.createDate,style.updateDate,style.ogMax,ibu,style.category.description,style.category.updateDate
FK7ZZt,Batch 19,Batch 19,5.5,1.0,93,N,verified,Verified,2012-09-08 23:20:31,2019-07-10 18:00:16,https://brewerydb-images.s3.amazonaws.com/beer/FK7ZZt/upload_idJYDQ-icon.png,https://brewerydb-images.s3.amazonaws.com/beer/FK7ZZt/upload_idJYDQ-medium.png,https://brewerydb-images.s3.amazonaws.com/beer/FK7ZZt/upload_idJYDQ-large.png,https://brewerydb-images.s3.amazonaws.com/beer/FK7ZZt/upload_idJYDQ-contentAwareIcon.png,https://brewerydb-images.s3.amazonaws.com/beer/FK7ZZt/upload_idJYDQ-contentAwareMedium.png,https://brewerydb-images.s3.amazonaws.com/beer/FK7ZZt/upload_idJYDQ-contentAwareLarge.png,1.0,Year Round,Available year round as a staple beer.,93,8,8,North American Lager,2012-03-21 20:06:46,American-Style Lager,American Lager,"Light in body and very light to straw in color, American lagers are very clean and crisp and aggressively carbonated. Flavor components should b e subtle and complex, with no one ingredient dominating the others. Malt sweetness is light to mild. Corn, rice, or other grain or sugar adjuncts are often used. Hop bitterness, flavor and aroma are negligible to very light. Light fruity esters are acceptable. Chill haze and diacetyl should be absent.",5,13,3.8,5,2,4,1.04,1.006,1.01,2012-03-21 20:06:46,2015-04-07 15:39:26,,,,
QvaLLl,Chimp,Chimp,9.5,,114,N,verified,Verified,2013-02-08 12:13:05,2015-12-16 23:38:59,https://brewerydb-images.s3.amazonaws.com/beer/QvaLLl/upload_MVBIqb-icon.png,https://brewerydb-images.s3.amazonaws.com/beer/QvaLLl/upload_MVBIqb-medium.png,https://brewerydb-images.s3.amazonaws.com/beer/QvaLLl/upload_MVBIqb-large.png,https://brewerydb-images.s3.amazonaws.com/beer/QvaLLl/upload_MVBIqb-contentAwareIcon.png,https://brewerydb-images.s3.amazonaws.com/beer/QvaLLl/upload_MVBIqb-contentAwareMedium.png,https://brewerydb-images.s3.amazonaws.com/beer/QvaLLl/upload_MVBIqb-contentAwareLarge.png,,,,114,11,11,Hybrid/mixed Beer,2012-03-21 20:06:46,Fruit Wheat Ale or Lager with or without Yeast,Fruit Wheat Ale,"This beer can be made using either ale or lager yeast. It can be brewed with 30 to 75 percent malted wheat. Fruit or fruit extracts contribute flavor and/or aroma. Perceived fruit qualities should be authentic and replicate true fruit complexity as much as possible. Color should reflect a degree of fruit's color. Hop rates may be low to medium. Hop characters may be light to moderate in bitterness, flavor and aroma. Fruity-estery aroma and flavor from yeast can be typical but at low levels; however, phenolic, clovelike characteristics should not be perceived. Body should be light to medium in character. Diacetyl should not be perceived. When this style is served with yeast the character should portray a full yeasty mouthfeel and appear hazy to very cloudy. Chill haze is also acceptable. Yeast flavor and aroma should be low to medium but not overpowering the balance and character of malt and hops. Brewer may indicate on the bottle whether the yeast should be intentionally roused or if they prefer that the entry be poured as quietly as possible.",10,35,3.8,5,2,10,1.036,1.004,1.016,2012-03-21 20:06:46,2015-04-07 15:43:55,,,,
vJCXKD,Coors Banquet,Coors Banquet,5,1.0,94,N,verified,Verified,2012-01-03 02:43:01,2019-07-10 18:35:14,https://brewerydb-images.s3.amazonaws.com/beer/vJCXKD/upload_RTwTup-icon.png,https://brewerydb-images.s3.amazonaws.com/beer/vJCXKD/upload_RTwTup-medium.png,https://brewerydb-images.s3.amazonaws.com/beer/vJCXKD/upload_RTwTup-large.png,https://brewerydb-images.s3.amazonaws.com/beer/vJCXKD/upload_RTwTup-contentAwareIcon.png,https://brewerydb-images.s3.amazonaws.com/beer/vJCXKD/upload_RTwTup-contentAwareMedium.png,https://brewerydb-images.s3.amazonaws.com/beer/vJCXKD/upload_RTwTup-contentAwareLarge.png,1.0,Year Round,Available year round as a staple beer.,94,8,8,North American Lager,2012-03-21 20:06:46,American-Style Light (Low Calorie) Lager,American Light Lager,"These beers are extremely light colored, light in body, and high in carbonation. Calorie level should not exceed 125 per 12 ounce serving. Corn, rice, or other grain or sugar adjuncts are often used. Flavor is mild and hop bitterness and aroma is negligible to very low. Light fruity esters are acceptable. Chill haze and diacetyl should be absent.",5,10,3.5,4.4,2,4,1.024,1.002,1.008,2012-03-21 20:06:46,2015-04-07 15:39:35,,,,
XcvLTe,Coors Light,Coors Light,4.2,1.0,94,N,verified,Verified,2012-01-03 02:43:01,2019-07-10 18:36:20,https://brewerydb-images.s3.amazonaws.com/beer/XcvLTe/upload_Kk2S5t-icon.png,https://brewerydb-images.s3.amazonaws.com/beer/XcvLTe/upload_Kk2S5t-medium.png,https://brewerydb-images.s3.amazonaws.com/beer/XcvLTe/upload_Kk2S5t-large.png,https://brewerydb-images.s3.amazonaws.com/beer/XcvLTe/upload_Kk2S5t-contentAwareIcon.png,https://brewerydb-images.s3.amazonaws.com/beer/XcvLTe/upload_Kk2S5t-contentAwareMedium.png,https://brewerydb-images.s3.amazonaws.com/beer/XcvLTe/upload_Kk2S5t-contentAwareLarge.png,1.0,Year Round,Available year round as a staple beer.,94,8,8,North American Lager,2012-03-21 20:06:46,American-Style Light (Low Calorie) Lager,American Light Lager,"These beers are extremely light colored, light in body, and high in carbonation. Calorie level should not exceed 125 per 12 ounce serving. Corn, rice, or other grain or sugar adjuncts are often used. Flavor is mild and hop bitterness and aroma is negligible to very low. Light fruity esters are acceptable. Chill haze and diacetyl should be absent.",5,10,3.5,4.4,2,4,1.024,1.002,1.008,2012-03-21 20:06:46,2015-04-07 15:39:35,,,,
fmNYJR,Coors Light Summer Brew,Coors Light Summer Brew,3.9,,119,N,verified,Verified,2014-06-16 15:05:07,2014-06-16 21:42:05,,,,,,,,,,119,11,11,Hybrid/mixed Beer,2012-03-21 20:06:46,Fruit Beer,Fruit Beer,"Fruit beers are any beers using fruit or fruit extracts as an adjunct in either, the mash, kettle, primary or secondary fermentation providing obvious (ranging from subtle to intense), yet harmonious, fruit qualities. Fruit qualities should not be overpowered by hop character. If a fruit (such as juniper berry) has an herbal or spice quality, it is more appropriate to consider it in the herb and spice beers category. Acidic bacterial (not wild yeast) fermentation characters may be evident (but not necessary) they would contribute to acidity and enhance fruity balance. Clear or hazy beer is acceptable in appearance. A statement by the brewer explaining what fruits are used is essential in order for fair assessment in competitions. If this beer is a classic style with fruit, the brewer should also specify the classic style.",5,70,2.5,12,5,50,1.03,1.006,1.03,2012-03-21 20:06:46,2015-04-07 15:44:21,,,,
SpL1C5,Coors Non-Alcoholic,Coors Non-Alcoholic,0.5,1.0,139,N,verified,Verified,2018-10-08 20:18:08,2019-07-10 18:37:04,https://brewerydb-images.s3.amazonaws.com/beer/SpL1C5/upload_WvZ0D6-icon.png,https://brewerydb-images.s3.amazonaws.com/beer/SpL1C5/upload_WvZ0D6-medium.png,https://brewerydb-images.s3.amazonaws.com/beer/SpL1C5/upload_WvZ0D6-large.png,https://brewerydb-images.s3.amazonaws.com/beer/SpL1C5/upload_WvZ0D6-contentAwareIcon.png,https://brewerydb-images.s3.amazonaws.com/beer/SpL1C5/upload_WvZ0D6-contentAwareMedium.png,https://brewerydb-images.s3.amazonaws.com/beer/SpL1C5/upload_WvZ0D6-contentAwareLarge.png,1.0,Year Round,Available year round as a staple beer.,139,11,11,Hybrid/mixed Beer,2012-03-21 20:06:46,Non-Alcoholic (Beer) Malt Beverages,Non-Alcoholic,Non-alcoholic (NA) malt beverages should emulate the character of a previously listed category/subcategory designation but without the alcohol (less than 0.5 percent). Non-alcoholic (beer) malt beverages will inherently have a profile lacking the complexity and balance of flavors which can be attributed to alcohol. They should accordingly not be assessed negatively for reasons related to the absence of alcohol.,,,,,,,,,,2012-03-21 20:06:46,2015-04-07 15:47:18,,,,
aHVeuA,Country Club,Country Club,5.86,1.0,100,N,verified,Verified,2012-08-03 03:24:18,2014-04-18 13:43:29,,,,,,,1.0,Year Round,Available year round as a staple beer.,100,8,8,North American Lager,2012-03-21 20:06:46,American-Style Malt Liquor,Malt Liquor,"High in starting gravity and alcoholic strength, this style is somewhat diverse. Some American malt liquors are just slightly stronger than American lagers, while others approach bock strength. Some residual sweetness is perceived. Hop rates are very low, contributing little bitterness and virtually no hop aroma or flavor. Perception of sweet-fruity esters and complex alcohols (though not solvent-like) are acceptable at low levels. Chill haze and diacetyl should not be perceived.",12,23,6.25,7.5,2,5,1.05,1.004,1.01,2012-03-21 20:06:46,2015-04-07 15:41:16,,,,
dM6P39,Crimson Crossing,Crimson Crossing,,,116,N,verified,Verified,2013-02-24 16:21:41,2020-02-19 00:59:21,https://brewerydb-images.s3.amazonaws.com/beer/dM6P39/upload_BdMHTb-icon.png,https://brewerydb-images.s3.amazonaws.com/beer/dM6P39/upload_BdMHTb-medium.png,https://brewerydb-images.s3.amazonaws.com/beer/dM6P39/upload_BdMHTb-large.png,https://brewerydb-images.s3.amazonaws.com/beer/dM6P39/upload_BdMHTb-contentAwareIcon.png,https://brewerydb-images.s3.amazonaws.com/beer/dM6P39/upload_BdMHTb-contentAwareMedium.png,https://brewerydb-images.s3.amazonaws.com/beer/dM6P39/upload_BdMHTb-contentAwareLarge.png,,,,116,11,11,Hybrid/mixed Beer,2012-03-21 20:06:46,American-Style Wheat Beer,Wheat Ale,These beers can be fermented with either ale or lager yeast. The grist should include at least 30 percent malted wheat.,10,35,3.5,5.6,2,10,1.036,1.004,1.016,2012-03-21 20:06:46,2020-02-19 00:55:12,1.056,,,
9we9d5,Extra Gold Lager,Extra Gold Lager,5,1.0,97,N,verified,Verified,2012-01-03 02:43:01,2019-07-10 18:48:42,https://brewerydb-images.s3.amazonaws.com/beer/9we9d5/upload_DTmYWo-icon.png,https://brewerydb-images.s3.amazonaws.com/beer/9we9d5/upload_DTmYWo-medium.png,https://brewerydb-images.s3.amazonaws.com/beer/9we9d5/upload_DTmYWo-large.png,https://brewerydb-images.s3.amazonaws.com/beer/9we9d5/upload_DTmYWo-contentAwareIcon.png,https://brewerydb-images.s3.amazonaws.com/beer/9we9d5/upload_DTmYWo-contentAwareMedium.png,https://brewerydb-images.s3.amazonaws.com/beer/9we9d5/upload_DTmYWo-contentAwareLarge.png,1.0,Year Round,Available year round as a staple beer.,97,8,8,North American Lager,2012-03-21 20:06:46,American-Style Premium Lager,American Premium Lager,"This style has low malt (and adjunct) sweetness, is medium bodied, and should contain no or a low percentage (less than 25%) of adjuncts. Color may be light straw to golden. Alcohol content and bitterness may also be greater. Hop aroma and flavor is low or negligible. Light fruity esters are acceptable. Chill haze and diacetyl should be absent. Note: Some beers marketed as ""premium"" (based on price) may not fit this definition.",6,15,4.3,5,2,6,1.044,1.01,1.014,2012-03-21 20:06:46,2015-04-07 15:40:04,,,,
LeII8L,Golden Knot,Golden Knot,,,116,N,verified,Verified,2013-02-14 14:18:14,2020-02-19 00:59:20,https://brewerydb-images.s3.amazonaws.com/beer/LeII8L/upload_6dQnPT-icon.png,https://brewerydb-images.s3.amazonaws.com/beer/LeII8L/upload_6dQnPT-medium.png,https://brewerydb-images.s3.amazonaws.com/beer/LeII8L/upload_6dQnPT-large.png,https://brewerydb-images.s3.amazonaws.com/beer/LeII8L/upload_6dQnPT-contentAwareIcon.png,https://brewerydb-images.s3.amazonaws.com/beer/LeII8L/upload_6dQnPT-contentAwareMedium.png,https://brewerydb-images.s3.amazonaws.com/beer/LeII8L/upload_6dQnPT-contentAwareLarge.png,,,,116,11,11,Hybrid/mixed Beer,2012-03-21 20:06:46,American-Style Wheat Beer,Wheat Ale,These beers can be fermented with either ale or lager yeast. The grist should include at least 30 percent malted wheat.,10,35,3.5,5.6,2,10,1.036,1.004,1.016,2012-03-21 20:06:46,2020-02-19 00:55:12,1.056,,,
TLrUc3,Hamm's,Hamm's,4.7,,93,N,verified,Verified,2014-05-29 13:23:53,2019-07-10 18:55:27,https://brewerydb-images.s3.amazonaws.com/beer/TLrUc3/upload_oSU4NY-icon.png,https://brewerydb-images.s3.amazonaws.com/beer/TLrUc3/upload_oSU4NY-medium.png,https://brewerydb-images.s3.amazonaws.com/beer/TLrUc3/upload_oSU4NY-large.png,https://brewerydb-images.s3.amazonaws.com/beer/TLrUc3/upload_oSU4NY-contentAwareIcon.png,https://brewerydb-images.s3.amazonaws.com/beer/TLrUc3/upload_oSU4NY-contentAwareMedium.png,https://brewerydb-images.s3.amazonaws.com/beer/TLrUc3/upload_oSU4NY-contentAwareLarge.png,,,,93,8,8,North American Lager,2012-03-21 20:06:46,American-Style Lager,American Lager,"Light in body and very light to straw in color, American lagers are very clean and crisp and aggressively carbonated. Flavor components should b e subtle and complex, with no one ingredient dominating the others. Malt sweetness is light to mild. Corn, rice, or other grain or sugar adjuncts are often used. Hop bitterness, flavor and aroma are negligible to very light. Light fruity esters are acceptable. Chill haze and diacetyl should be absent.",5,13,3.8,5,2,4,1.04,1.006,1.01,2012-03-21 20:06:46,2015-04-07 15:39:26,,,,
oJxcE5,Hamm's Special Light,Hamm's Special Light,3.8,,93,N,verified,Verified,2014-06-16 18:38:47,2019-07-10 18:56:46,https://brewerydb-images.s3.amazonaws.com/beer/oJxcE5/upload_ffBlky-icon.png,https://brewerydb-images.s3.amazonaws.com/beer/oJxcE5/upload_ffBlky-medium.png,https://brewerydb-images.s3.amazonaws.com/beer/oJxcE5/upload_ffBlky-large.png,https://brewerydb-images.s3.amazonaws.com/beer/oJxcE5/upload_ffBlky-contentAwareIcon.png,https://brewerydb-images.s3.amazonaws.com/beer/oJxcE5/upload_ffBlky-contentAwareMedium.png,https://brewerydb-images.s3.amazonaws.com/beer/oJxcE5/upload_ffBlky-contentAwareLarge.png,,,,93,8,8,North American Lager,2012-03-21 20:06:46,American-Style Lager,American Lager,"Light in body and very light to straw in color, American lagers are very clean and crisp and aggressively carbonated. Flavor components should b e subtle and complex, with no one ingredient dominating the others. Malt sweetness is light to mild. Corn, rice, or other grain or sugar adjuncts are often used. Hop bitterness, flavor and aroma are negligible to very light. Light fruity esters are acceptable. Chill haze and diacetyl should be absent.",5,13,3.8,5,2,4,1.04,1.006,1.01,2012-03-21 20:06:46,2015-04-07 15:39:26,,,,
mlcTPZ,Icehouse,Icehouse,5.5,1.0,94,N,verified,Verified,2012-01-03 02:43:27,2016-06-01 10:04:18,https://brewerydb-images.s3.amazonaws.com/beer/mlcTPZ/upload_x90gXU-icon.png,https://brewerydb-images.s3.amazonaws.com/beer/mlcTPZ/upload_x90gXU-medium.png,https://brewerydb-images.s3.amazonaws.com/beer/mlcTPZ/upload_x90gXU-large.png,https://brewerydb-images.s3.amazonaws.com/beer/mlcTPZ/upload_x90gXU-contentAwareIcon.png,https://brewerydb-images.s3.amazonaws.com/beer/mlcTPZ/upload_x90gXU-contentAwareMedium.png,https://brewerydb-images.s3.amazonaws.com/beer/mlcTPZ/upload_x90gXU-contentAwareLarge.png,1.0,Year Round,Available year round as a staple beer.,94,8,8,North American Lager,2012-03-21 20:06:46,American-Style Light (Low Calorie) Lager,American Light Lager,"These beers are extremely light colored, light in body, and high in carbonation. Calorie level should not exceed 125 per 12 ounce serving. Corn, rice, or other grain or sugar adjuncts are often used. Flavor is mild and hop bitterness and aroma is negligible to very low. Light fruity esters are acceptable. Chill haze and diacetyl should be absent.",5,10,3.5,4.4,2,4,1.024,1.002,1.008,2012-03-21 20:06:46,2015-04-07 15:39:35,,,,
AgPnGn,Icehouse Edge,Icehouse Edge,8,,100,N,verified,Verified,2014-06-16 20:17:07,2015-06-10 19:07:09,,,,,,,,,,100,8,8,North American Lager,2012-03-21 20:06:46,American-Style Malt Liquor,Malt Liquor,"High in starting gravity and alcoholic strength, this style is somewhat diverse. Some American malt liquors are just slightly stronger than American lagers, while others approach bock strength. Some residual sweetness is perceived. Hop rates are very low, contributing little bitterness and virtually no hop aroma or flavor. Perception of sweet-fruity esters and complex alcohols (though not solvent-like) are acceptable at low levels. Chill haze and diacetyl should not be perceived.",12,23,6.25,7.5,2,5,1.05,1.004,1.01,2012-03-21 20:06:46,2015-04-07 15:41:16,,,,
mmn0lQ,Impulse,Impulse,8.5,,65,N,verified,Verified,2013-02-11 16:29:29,2015-12-16 23:49:32,https://brewerydb-images.s3.amazonaws.com/beer/mmn0lQ/upload_67H71t-icon.png,https://brewerydb-images.s3.amazonaws.com/beer/mmn0lQ/upload_67H71t-medium.png,https://brewerydb-images.s3.amazonaws.com/beer/mmn0lQ/upload_67H71t-large.png,https://brewerydb-images.s3.amazonaws.com/beer/mmn0lQ/upload_67H71t-contentAwareIcon.png,https://brewerydb-images.s3.amazonaws.com/beer/mmn0lQ/upload_67H71t-contentAwareMedium.png,https://brewerydb-images.s3.amazonaws.com/beer/mmn0lQ/upload_67H71t-contentAwareLarge.png,,,,65,5,5,Belgian And French Origin Ales,2012-03-21 20:06:46,Belgian-Style White (or Wit) / Belgian-Style Wheat,Witbier,Belgian white ales are very pale in color and are brewed using unmalted wheat and malted barley and are spiced with coriander and orange peel. Coriander and light orange peel aroma should be perceived as such or as an unidentified spiciness. Phenolic spiciness and yeast flavors may be evident at mild levels. These beers are traditionally bottle conditioned and served cloudy. An unfiltered starch and yeast haze should be part of the appearance. The low to medium body should have some degree of creaminess from wheat starch. The style is further characterized by the use of noble-type hops to achieve low hop bitterness and little to no apparent hop flavor. This beer has no diacetyl and a low to medium fruity-ester level. Mild acidity is appropriate.,10,17,4.8,5.2,2,4,1.044,1.006,1.01,2012-03-21 20:06:46,2015-04-07 15:32:30,,3.5,,
5faIlU,Keystone Ice,Keystone Ice,5.9,1.0,93,N,verified,Verified,2014-05-29 13:35:44,2017-08-30 17:23:14,https://brewerydb-images.s3.amazonaws.com/beer/5faIlU/upload_jNFjKL-icon.png,https://brewerydb-images.s3.amazonaws.com/beer/5faIlU/upload_jNFjKL-medium.png,https://brewerydb-images.s3.amazonaws.com/beer/5faIlU/upload_jNFjKL-large.png,https://brewerydb-images.s3.amazonaws.com/beer/5faIlU/upload_jNFjKL-contentAwareIcon.png,https://brewerydb-images.s3.amazonaws.com/beer/5faIlU/upload_jNFjKL-contentAwareMedium.png,https://brewerydb-images.s3.amazonaws.com/beer/5faIlU/upload_jNFjKL-contentAwareLarge.png,1.0,Year Round,Available year round as a staple beer.,93,8,8,North American Lager,2012-03-21 20:06:46,American-Style Lager,American Lager,"Light in body and very light to straw in color, American lagers are very clean and crisp and aggressively carbonated. Flavor components should b e subtle and complex, with no one ingredient dominating the others. Malt sweetness is light to mild. Corn, rice, or other grain or sugar adjuncts are often used. Hop bitterness, flavor and aroma are negligible to very light. Light fruity esters are acceptable. Chill haze and diacetyl should be absent.",5,13,3.8,5,2,4,1.04,1.006,1.01,2012-03-21 20:06:46,2015-04-07 15:39:26,,,,
PdSE1h,Keystone Light,Keystone Light,4.2,1.0,94,N,verified,Verified,2012-01-03 02:43:33,2017-08-01 16:15:39,https://brewerydb-images.s3.amazonaws.com/beer/PdSE1h/upload_5xrrM9-icon.png,https://brewerydb-images.s3.amazonaws.com/beer/PdSE1h/upload_5xrrM9-medium.png,https://brewerydb-images.s3.amazonaws.com/beer/PdSE1h/upload_5xrrM9-large.png,https://brewerydb-images.s3.amazonaws.com/beer/PdSE1h/upload_5xrrM9-contentAwareIcon.png,https://brewerydb-images.s3.amazonaws.com/beer/PdSE1h/upload_5xrrM9-contentAwareMedium.png,https://brewerydb-images.s3.amazonaws.com/beer/PdSE1h/upload_5xrrM9-contentAwareLarge.png,1.0,Year Round,Available year round as a staple beer.,94,8,8,North American Lager,2012-03-21 20:06:46,American-Style Light (Low Calorie) Lager,American Light Lager,"These beers are extremely light colored, light in body, and high in carbonation. Calorie level should not exceed 125 per 12 ounce serving. Corn, rice, or other grain or sugar adjuncts are often used. Flavor is mild and hop bitterness and aroma is negligible to very low. Light fruity esters are acceptable. Chill haze and diacetyl should be absent.",5,10,3.5,4.4,2,4,1.024,1.002,1.008,2012-03-21 20:06:46,2015-04-07 15:39:35,,,,
hzJ6uv,Keystone Premium,Keystone Premium,,,97,N,verified,Verified,2014-05-29 13:36:18,2015-04-01 20:33:24,,,,,,,,,,97,8,8,North American Lager,2012-03-21 20:06:46,American-Style Premium Lager,American Premium Lager,"This style has low malt (and adjunct) sweetness, is medium bodied, and should contain no or a low percentage (less than 25%) of adjuncts. Color may be light straw to golden. Alcohol content and bitterness may also be greater. Hop aroma and flavor is low or negligible. Light fruity esters are acceptable. Chill haze and diacetyl should be absent. Note: Some beers marketed as ""premium"" (based on price) may not fit this definition.",6,15,4.3,5,2,6,1.044,1.01,1.014,2012-03-21 20:06:46,2015-04-07 15:40:04,,,,
FXGCOG,Killian's Irish Red,Killian's Irish Red,5.4,1.0,22,N,verified,Verified,2012-01-03 02:43:33,2019-07-10 18:52:37,https://brewerydb-images.s3.amazonaws.com/beer/FXGCOG/upload_mVF4s0-icon.png,https://brewerydb-images.s3.amazonaws.com/beer/FXGCOG/upload_mVF4s0-medium.png,https://brewerydb-images.s3.amazonaws.com/beer/FXGCOG/upload_mVF4s0-large.png,https://brewerydb-images.s3.amazonaws.com/beer/FXGCOG/upload_mVF4s0-contentAwareIcon.png,https://brewerydb-images.s3.amazonaws.com/beer/FXGCOG/upload_mVF4s0-contentAwareMedium.png,https://brewerydb-images.s3.amazonaws.com/beer/FXGCOG/upload_mVF4s0-contentAwareLarge.png,1.0,Year Round,Available year round as a staple beer.,22,2,2,Irish Origin Ales,2012-03-21 20:06:45,Irish-Style Red Ale,Irish Red,Irish-style red ales range from light red-amber-copper to light brown in color. These ales have a medium hop bitterness and flavor. They often don't have hop aroma. Irish-style red ales have low to medium candy-like caramel malt sweetness and may have a balanced subtle degree of roast barley or roast malt character and complexity.  Irish-style Red Ales have a medium body. The style may have low levels of fruity-ester flavor and aroma. Diacetyl should be absent or at very low levels. Chill haze is allowable at cold temperatures. Slight yeast haze is acceptable for bottle-conditioned products.,20,28,4,4.5,11,18,1.04,1.01,1.014,2012-03-21 20:06:45,2015-04-07 15:23:38,,,,
1daDj6,Killian's Irish Stout,Killian's Irish Stout,4.8,,23,N,verified,Verified,2014-06-16 20:23:21,2014-06-16 21:41:25,,,,,,,,,,23,2,2,Irish Origin Ales,2012-03-21 20:06:45,Classic Irish-Style Dry Stout,Dry Irish Stout,"Dry stouts have an initial malt and light caramel flavor profile with a distinctive dry-roasted bitterness in the finish. Dry stouts achieve a dry-roasted character through the use of roasted barley. The emphasis of coffee-like roasted barley and a moderate degree of roasted malt aromas define much of the character. Some slight acidity may be perceived but is not necessary. European hop aroma and flavor should be low or not perceived. Dry stouts have medium-light to medium body. Fruity esters are minimal and overshadowed by malt, high hop bitterness, and roasted barley character. Diacetyl (butterscotch) should be very low or not perceived. Head retention and rich character should be part of its visual character.",30,40,3.8,5,40,40,1.038,1.008,1.012,2012-03-21 20:06:45,2015-04-07 15:23:51,,,,
CooJFS,Magnum,Magnum,5.6,,100,N,verified,Verified,2014-06-16 20:59:53,2019-07-11 18:43:25,https://brewerydb-images.s3.amazonaws.com/beer/CooJFS/upload_oaF8GY-icon.png,https://brewerydb-images.s3.amazonaws.com/beer/CooJFS/upload_oaF8GY-medium.png,https://brewerydb-images.s3.amazonaws.com/beer/CooJFS/upload_oaF8GY-large.png,https://brewerydb-images.s3.amazonaws.com/beer/CooJFS/upload_oaF8GY-contentAwareIcon.png,https://brewerydb-images.s3.amazonaws.com/beer/CooJFS/upload_oaF8GY-contentAwareMedium.png,https://brewerydb-images.s3.amazonaws.com/beer/CooJFS/upload_oaF8GY-contentAwareLarge.png,,,,100,8,8,North American Lager,2012-03-21 20:06:46,American-Style Malt Liquor,Malt Liquor,"High in starting gravity and alcoholic strength, this style is somewhat diverse. Some American malt liquors are just slightly stronger than American lagers, while others approach bock strength. Some residual sweetness is perceived. Hop rates are very low, contributing little bitterness and virtually no hop aroma or flavor. Perception of sweet-fruity esters and complex alcohols (though not solvent-like) are acceptable at low levels. Chill haze and diacetyl should not be perceived.",12,23,6.25,7.5,2,5,1.05,1.004,1.01,2012-03-21 20:06:46,2015-04-07 15:41:16,,,,
P5LHZ0,Milwaukee's Best,Milwaukee's Best,4.8,1.0,94,N,verified,Verified,2012-01-03 02:43:42,2019-07-10 19:22:36,https://brewerydb-images.s3.amazonaws.com/beer/P5LHZ0/upload_AUjAAI-icon.png,https://brewerydb-images.s3.amazonaws.com/beer/P5LHZ0/upload_AUjAAI-medium.png,https://brewerydb-images.s3.amazonaws.com/beer/P5LHZ0/upload_AUjAAI-large.png,https://brewerydb-images.s3.amazonaws.com/beer/P5LHZ0/upload_AUjAAI-contentAwareIcon.png,https://brewerydb-images.s3.amazonaws.com/beer/P5LHZ0/upload_AUjAAI-contentAwareMedium.png,https://brewerydb-images.s3.amazonaws.com/beer/P5LHZ0/upload_AUjAAI-contentAwareLarge.png,1.0,Year Round,Available year round as a staple beer.,94,8,8,North American Lager,2012-03-21 20:06:46,American-Style Light (Low Calorie) Lager,American Light Lager,"These beers are extremely light colored, light in body, and high in carbonation. Calorie level should not exceed 125 per 12 ounce serving. Corn, rice, or other grain or sugar adjuncts are often used. Flavor is mild and hop bitterness and aroma is negligible to very low. Light fruity esters are acceptable. Chill haze and diacetyl should be absent.",5,10,3.5,4.4,2,4,1.024,1.002,1.008,2012-03-21 20:06:46,2015-04-07 15:39:35,,,,
1vFtAI,Milwaukee's Best Ice,Milwaukee's Best Ice,5.9,1.0,93,N,verified,Verified,2012-08-01 12:05:51,2019-07-10 19:25:42,https://brewerydb-images.s3.amazonaws.com/beer/1vFtAI/upload_Ts54rw-icon.png,https://brewerydb-images.s3.amazonaws.com/beer/1vFtAI/upload_Ts54rw-medium.png,https://brewerydb-images.s3.amazonaws.com/beer/1vFtAI/upload_Ts54rw-large.png,https://brewerydb-images.s3.amazonaws.com/beer/1vFtAI/upload_Ts54rw-contentAwareIcon.png,https://brewerydb-images.s3.amazonaws.com/beer/1vFtAI/upload_Ts54rw-contentAwareMedium.png,https://brewerydb-images.s3.amazonaws.com/beer/1vFtAI/upload_Ts54rw-contentAwareLarge.png,1.0,Year Round,Available year round as a staple beer.,93,8,8,North American Lager,2012-03-21 20:06:46,American-Style Lager,American Lager,"Light in body and very light to straw in color, American lagers are very clean and crisp and aggressively carbonated. Flavor components should b e subtle and complex, with no one ingredient dominating the others. Malt sweetness is light to mild. Corn, rice, or other grain or sugar adjuncts are often used. Hop bitterness, flavor and aroma are negligible to very light. Light fruity esters are acceptable. Chill haze and diacetyl should be absent.",5,13,3.8,5,2,4,1.04,1.006,1.01,2012-03-21 20:06:46,2015-04-07 15:39:26,,,,
ARtfG8,Milwaukee's Best Light,Milwaukee's Best Light,4.1,1.0,94,N,verified,Verified,2012-01-03 02:43:42,2019-07-10 19:28:08,https://brewerydb-images.s3.amazonaws.com/beer/ARtfG8/upload_hXpovO-icon.png,https://brewerydb-images.s3.amazonaws.com/beer/ARtfG8/upload_hXpovO-medium.png,https://brewerydb-images.s3.amazonaws.com/beer/ARtfG8/upload_hXpovO-large.png,https://brewerydb-images.s3.amazonaws.com/beer/ARtfG8/upload_hXpovO-contentAwareIcon.png,https://brewerydb-images.s3.amazonaws.com/beer/ARtfG8/upload_hXpovO-contentAwareMedium.png,https://brewerydb-images.s3.amazonaws.com/beer/ARtfG8/upload_hXpovO-contentAwareLarge.png,1.0,Year Round,Available year round as a staple beer.,94,8,8,North American Lager,2012-03-21 20:06:46,American-Style Light (Low Calorie) Lager,American Light Lager,"These beers are extremely light colored, light in body, and high in carbonation. Calorie level should not exceed 125 per 12 ounce serving. Corn, rice, or other grain or sugar adjuncts are often used. Flavor is mild and hop bitterness and aroma is negligible to very low. Light fruity esters are acceptable. Chill haze and diacetyl should be absent.",5,10,3.5,4.4,2,4,1.024,1.002,1.008,2012-03-21 20:06:46,2015-04-07 15:39:35,,,,
6qc3Dy,Olde English 800,Olde English 800,5.9,1.0,100,N,verified,Verified,2012-01-03 02:43:52,2019-07-10 20:00:12,https://brewerydb-images.s3.amazonaws.com/beer/6qc3Dy/upload_agi4fa-icon.png,https://brewerydb-images.s3.amazonaws.com/beer/6qc3Dy/upload_agi4fa-medium.png,https://brewerydb-images.s3.amazonaws.com/beer/6qc3Dy/upload_agi4fa-large.png,https://brewerydb-images.s3.amazonaws.com/beer/6qc3Dy/upload_agi4fa-contentAwareIcon.png,https://brewerydb-images.s3.amazonaws.com/beer/6qc3Dy/upload_agi4fa-contentAwareMedium.png,https://brewerydb-images.s3.amazonaws.com/beer/6qc3Dy/upload_agi4fa-contentAwareLarge.png,1.0,Year Round,Available year round as a staple beer.,100,8,8,North American Lager,2012-03-21 20:06:46,American-Style Malt Liquor,Malt Liquor,"High in starting gravity and alcoholic strength, this style is somewhat diverse. Some American malt liquors are just slightly stronger than American lagers, while others approach bock strength. Some residual sweetness is perceived. Hop rates are very low, contributing little bitterness and virtually no hop aroma or flavor. Perception of sweet-fruity esters and complex alcohols (though not solvent-like) are acceptable at low levels. Chill haze and diacetyl should not be perceived.",12,23,6.25,7.5,2,5,1.05,1.004,1.01,2012-03-21 20:06:46,2015-04-07 15:41:16,,,,
cDFKpA,Pine in the Neck,Pine in the Neck,7.5,,30,N,verified,Verified,2014-01-16 18:35:28,2015-12-17 08:11:10,https://brewerydb-images.s3.amazonaws.com/beer/cDFKpA/upload_Ir2y0e-icon.png,https://brewerydb-images.s3.amazonaws.com/beer/cDFKpA/upload_Ir2y0e-medium.png,https://brewerydb-images.s3.amazonaws.com/beer/cDFKpA/upload_Ir2y0e-large.png,https://brewerydb-images.s3.amazonaws.com/beer/cDFKpA/upload_Ir2y0e-contentAwareIcon.png,https://brewerydb-images.s3.amazonaws.com/beer/cDFKpA/upload_Ir2y0e-contentAwareMedium.png,https://brewerydb-images.s3.amazonaws.com/beer/cDFKpA/upload_Ir2y0e-contentAwareLarge.png,,,,30,3,3,North American Origin Ales,2012-03-21 20:06:45,American-Style India Pale Ale,American IPA,"American-style India pale ales are perceived to have medium-high to intense hop bitterness, flavor and aroma with medium-high alcohol content. The style is further characterized by floral, fruity, citrus-like, piney, resinous, or sulfur-like American-variety hop character. Note that one or more of these American-variety hop characters is the perceived end, but the hop characters may be a result of the skillful use of hops of other national origins. The use of water with high mineral content results in a crisp, dry beer. This pale gold to deep copper-colored ale has a full, flowery hop aroma and may have a strong hop flavor (in addition to the perception of hop bitterness). India pale ales possess medium maltiness which contributes to a medium body. Fruity-ester flavors and aromas are moderate to very strong. Diacetyl can be absent or may be perceived at very low levels. Chill and/or hop haze is allowable at cold temperatures. (English and citrus-like American hops are considered enough of a distinction justifying separate American-style IPA and English-style IPA categories or subcategories. Hops of other origins may be used for bitterness or approximating traditional American or English character. See English-style India Pale Ale",50,70,6.3,7.5,6,14,1.06,1.012,1.018,2012-03-21 20:06:45,2015-04-07 15:26:37,,,,
0U17DM,Proximity,Proximity,8.5,,125,N,verified,Verified,2014-07-17 14:18:08,2014-07-17 14:18:08,,,,,,,,,,125,11,11,Hybrid/mixed Beer,2012-03-21 20:06:46,Specialty Beer,Specialty,"These beers are brewed using unusual fermentable sugars, grains and starches that contribute to alcohol content other than, or in addition to, malted barley. Nuts generally have some degree of fermentables, thus beers brewed with nuts would appropriately be entered in this category. The distinctive characters of these special ingredients should be evident either in the aroma, flavor or overall balance of the beer, but not necessarily in overpowering quantities. For example, maple syrup or potatoes would be considered unusual. Rice, corn, or wheat are not considered unusual. Special ingredients must be listed when competing. A statement by the brewer explaining the special nature of the beer, ingredient(s) and achieved character is essential in order for fair assessment in competitions. If this beer is a classic style with some specialty ingredient(s), the brewer should also specify the classic style. Guidelines for competing: Spiced beers using unusual fermentables should be entered in the experimental category. Fruit beers using unusual fermentables should be entered in the fruit beer category.",,100,2.5,25,1,100,1.03,1.006,1.03,2012-03-21 20:06:46,2015-04-07 15:44:53,,,,
FtRclf,Red Dog,Red Dog,4.8,,93,N,verified,Verified,2012-01-03 02:44:03,2019-07-10 19:57:16,https://brewerydb-images.s3.amazonaws.com/beer/FtRclf/upload_RasFVh-icon.png,https://brewerydb-images.s3.amazonaws.com/beer/FtRclf/upload_RasFVh-medium.png,https://brewerydb-images.s3.amazonaws.com/beer/FtRclf/upload_RasFVh-large.png,https://brewerydb-images.s3.amazonaws.com/beer/FtRclf/upload_RasFVh-contentAwareIcon.png,https://brewerydb-images.s3.amazonaws.com/beer/FtRclf/upload_RasFVh-contentAwareMedium.png,https://brewerydb-images.s3.amazonaws.com/beer/FtRclf/upload_RasFVh-contentAwareLarge.png,,,,93,8,8,North American Lager,2012-03-21 20:06:46,American-Style Lager,American Lager,"Light in body and very light to straw in color, American lagers are very clean and crisp and aggressively carbonated. Flavor components should b e subtle and complex, with no one ingredient dominating the others. Malt sweetness is light to mild. Corn, rice, or other grain or sugar adjuncts are often used. Hop bitterness, flavor and aroma are negligible to very light. Light fruity esters are acceptable. Chill haze and diacetyl should be absent.",5,13,3.8,5,2,4,1.04,1.006,1.01,2012-03-21 20:06:46,2015-04-07 15:39:26,,,,
WGDc9X,Rounder Belgian Pale Ale,Rounder Belgian Pale Ale,5.6,1.0,62,N,verified,Verified,2012-10-24 13:43:21,2015-12-16 18:59:24,https://brewerydb-images.s3.amazonaws.com/beer/WGDc9X/upload_F0XnTM-icon.png,https://brewerydb-images.s3.amazonaws.com/beer/WGDc9X/upload_F0XnTM-medium.png,https://brewerydb-images.s3.amazonaws.com/beer/WGDc9X/upload_F0XnTM-large.png,https://brewerydb-images.s3.amazonaws.com/beer/WGDc9X/upload_F0XnTM-contentAwareIcon.png,https://brewerydb-images.s3.amazonaws.com/beer/WGDc9X/upload_F0XnTM-contentAwareMedium.png,https://brewerydb-images.s3.amazonaws.com/beer/WGDc9X/upload_F0XnTM-contentAwareLarge.png,1.0,Year Round,Available year round as a staple beer.,62,5,5,Belgian And French Origin Ales,2012-03-21 20:06:46,Belgian-Style Pale Ale,Belgian Pale,"Belgian-style pale ales are characterized by low but noticeable hop bitterness, flavor, and aroma. Light to medium body and low malt aroma are typical. They are light amber to deep amber in color. Noble-type hops are commonly used. Low to medium fruity esters are evident in aroma and flavor. Low levels of phenolic spiciness from yeast byproducts may be perceived. Low caramel or toasted malt flavor is okay. Diacetyl should not be perceived. Chill haze is allowable at cold temperatures.",20,30,4,6,6,12,1.044,1.008,1.014,2012-03-21 20:06:46,2015-04-07 15:32:06,,30,,
JzTfzY,Sharp's,Sharp's,0,1.0,139,N,verified,Verified,2013-04-30 23:25:03,2019-07-12 15:04:07,https://brewerydb-images.s3.amazonaws.com/beer/JzTfzY/upload_k4GULw-icon.png,https://brewerydb-images.s3.amazonaws.com/beer/JzTfzY/upload_k4GULw-medium.png,https://brewerydb-images.s3.amazonaws.com/beer/JzTfzY/upload_k4GULw-large.png,https://brewerydb-images.s3.amazonaws.com/beer/JzTfzY/upload_k4GULw-contentAwareIcon.png,https://brewerydb-images.s3.amazonaws.com/beer/JzTfzY/upload_k4GULw-contentAwareMedium.png,https://brewerydb-images.s3.amazonaws.com/beer/JzTfzY/upload_k4GULw-contentAwareLarge.png,1.0,Year Round,Available year round as a staple beer.,139,11,11,Hybrid/mixed Beer,2012-03-21 20:06:46,Non-Alcoholic (Beer) Malt Beverages,Non-Alcoholic,Non-alcoholic (NA) malt beverages should emulate the character of a previously listed category/subcategory designation but without the alcohol (less than 0.5 percent). Non-alcoholic (beer) malt beverages will inherently have a profile lacking the complexity and balance of flavors which can be attributed to alcohol. They should accordingly not be assessed negatively for reasons related to the absence of alcohol.,,,,,,,,,,2012-03-21 20:06:46,2015-04-07 15:47:18,,,,
sww4Yo,Sparks,Sparks,6,1.0,161,N,verified,Verified,2014-07-10 14:39:50,2019-07-12 15:07:22,,,,,,,1.0,Year Round,Available year round as a staple beer.,161,14,14,Malternative Beverages,2014-07-10 14:11:26,Flavored Malt Beverage,Flavored Malt Beverage,"Flavored malt beverages are brewery products that are different from traditional malt beverages like malt liquor, ales, and lagers in several aspects. Flavored malt beverages exhibit little or no traditional beer or malt beverage flavor characteristics. Their flavor is primarily derived from added flavoring rather than from malt and other materials used in fermentation. However,  flavored malt beverages are marketed in traditional beer bottles and cans and distributed to the alcohol beverage market through beer and malt beverage wholesalers. Their alcohol content is similar to other malt beverages – in the range of 4-6% alcohol by volume.",,,4,6,,,,,,2014-07-10 14:15:20,2015-04-07 15:49:43,,,"Malternative Beverages, also known as ""ready-to-drink"" beverages, are sweet, sometime carbonated, beverages that are low in alcohol.",2014-07-10 14:20:24
ju6V17,Sparks Blackberry,Sparks Blackberry,8,1.0,161,N,verified,Verified,2014-07-10 14:41:14,2019-07-12 15:08:11,,,,,,,1.0,Year Round,Available year round as a staple beer.,161,14,14,Malternative Beverages,2014-07-10 14:11:26,Flavored Malt Beverage,Flavored Malt Beverage,"Flavored malt beverages are brewery products that are different from traditional malt beverages like malt liquor, ales, and lagers in several aspects. Flavored malt beverages exhibit little or no traditional beer or malt beverage flavor characteristics. Their flavor is primarily derived from added flavoring rather than from malt and other materials used in fermentation. However,  flavored malt beverages are marketed in traditional beer bottles and cans and distributed to the alcohol beverage market through beer and malt beverage wholesalers. Their alcohol content is similar to other malt beverages – in the range of 4-6% alcohol by volume.",,,4,6,,,,,,2014-07-10 14:15:20,2015-04-07 15:49:43,,,"Malternative Beverages, also known as ""ready-to-drink"" beverages, are sweet, sometime carbonated, beverages that are low in alcohol.",2014-07-10 14:20:24
VGesiF,Sparks Iced Tea,Sparks Iced Tea,8,1.0,161,N,verified,Verified,2014-07-10 14:40:11,2014-07-10 14:40:11,,,,,,,1.0,Year Round,Available year round as a staple beer.,161,14,14,Malternative Beverages,2014-07-10 14:11:26,Flavored Malt Beverage,Flavored Malt Beverage,"Flavored malt beverages are brewery products that are different from traditional malt beverages like malt liquor, ales, and lagers in several aspects. Flavored malt beverages exhibit little or no traditional beer or malt beverage flavor characteristics. Their flavor is primarily derived from added flavoring rather than from malt and other materials used in fermentation. However,  flavored malt beverages are marketed in traditional beer bottles and cans and distributed to the alcohol beverage market through beer and malt beverage wholesalers. Their alcohol content is similar to other malt beverages – in the range of 4-6% alcohol by volume.",,,4,6,,,,,,2014-07-10 14:15:20,2015-04-07 15:49:43,,,"Malternative Beverages, also known as ""ready-to-drink"" beverages, are sweet, sometime carbonated, beverages that are low in alcohol.",2014-07-10 14:20:24
7aNgrg,Sparks Lemonade,Sparks Lemonade,8,1.0,161,N,verified,Verified,2014-07-10 14:40:51,2014-07-10 14:40:52,,,,,,,1.0,Year Round,Available year round as a staple beer.,161,14,14,Malternative Beverages,2014-07-10 14:11:26,Flavored Malt Beverage,Flavored Malt Beverage,"Flavored malt beverages are brewery products that are different from traditional malt beverages like malt liquor, ales, and lagers in several aspects. Flavored malt beverages exhibit little or no traditional beer or malt beverage flavor characteristics. Their flavor is primarily derived from added flavoring rather than from malt and other materials used in fermentation. However,  flavored malt beverages are marketed in traditional beer bottles and cans and distributed to the alcohol beverage market through beer and malt beverage wholesalers. Their alcohol content is similar to other malt beverages – in the range of 4-6% alcohol by volume.",,,4,6,,,,,,2014-07-10 14:15:20,2015-04-07 15:49:43,,,"Malternative Beverages, also known as ""ready-to-drink"" beverages, are sweet, sometime carbonated, beverages that are low in alcohol.",2014-07-10 14:20:24
P7vtUN,Steel Reserve BLK Berry,Steel Reserve BLK Berry,8,1.0,93,N,verified,Verified,2014-06-17 20:39:35,2019-07-12 15:10:13,https://brewerydb-images.s3.amazonaws.com/beer/P7vtUN/upload_8MWanE-icon.png,https://brewerydb-images.s3.amazonaws.com/beer/P7vtUN/upload_8MWanE-medium.png,https://brewerydb-images.s3.amazonaws.com/beer/P7vtUN/upload_8MWanE-large.png,https://brewerydb-images.s3.amazonaws.com/beer/P7vtUN/upload_8MWanE-contentAwareIcon.png,https://brewerydb-images.s3.amazonaws.com/beer/P7vtUN/upload_8MWanE-contentAwareMedium.png,https://brewerydb-images.s3.amazonaws.com/beer/P7vtUN/upload_8MWanE-contentAwareLarge.png,1.0,Year Round,Available year round as a staple beer.,93,8,8,North American Lager,2012-03-21 20:06:46,American-Style Lager,American Lager,"Light in body and very light to straw in color, American lagers are very clean and crisp and aggressively carbonated. Flavor components should b e subtle and complex, with no one ingredient dominating the others. Malt sweetness is light to mild. Corn, rice, or other grain or sugar adjuncts are often used. Hop bitterness, flavor and aroma are negligible to very light. Light fruity esters are acceptable. Chill haze and diacetyl should be absent.",5,13,3.8,5,2,4,1.04,1.006,1.01,2012-03-21 20:06:46,2015-04-07 15:39:26,,,,
moD5Kw,Steel Reserve High Gravity 6.0,Steel Reserve High Gravity 6.0,6,,93,N,verified,Verified,2014-06-17 20:37:52,2019-07-12 15:10:59,,,,,,,,,,93,8,8,North American Lager,2012-03-21 20:06:46,American-Style Lager,American Lager,"Light in body and very light to straw in color, American lagers are very clean and crisp and aggressively carbonated. Flavor components should b e subtle and complex, with no one ingredient dominating the others. Malt sweetness is light to mild. Corn, rice, or other grain or sugar adjuncts are often used. Hop bitterness, flavor and aroma are negligible to very light. Light fruity esters are acceptable. Chill haze and diacetyl should be absent.",5,13,3.8,5,2,4,1.04,1.006,1.01,2012-03-21 20:06:46,2015-04-07 15:39:26,,,,
g284jn,Third Shift,Third Shift,5.3,1.0,101,N,verified,Verified,2013-08-14 19:24:46,2016-02-09 15:39:30,https://brewerydb-images.s3.amazonaws.com/beer/g284jn/upload_4lw3fa-icon.png,https://brewerydb-images.s3.amazonaws.com/beer/g284jn/upload_4lw3fa-medium.png,https://brewerydb-images.s3.amazonaws.com/beer/g284jn/upload_4lw3fa-large.png,https://brewerydb-images.s3.amazonaws.com/beer/g284jn/upload_4lw3fa-contentAwareIcon.png,https://brewerydb-images.s3.amazonaws.com/beer/g284jn/upload_4lw3fa-contentAwareMedium.png,https://brewerydb-images.s3.amazonaws.com/beer/g284jn/upload_4lw3fa-contentAwareLarge.png,1.0,Year Round,Available year round as a staple beer.,101,8,8,North American Lager,2012-03-21 20:06:46,American-Style Amber Lager,American Amber Lager,"American-style amber lagers are light amber to amber or copper colored. They are medium bodied. There is a noticeable degree of caramel-type malt character in flavor and often in aroma. This is a broad category in which the hop bitterness, flavor, and aroma may be accentuated or may only be present at relatively low levels, yet noticeable. Fruity esters, diacetyl, and chill haze should be absent.",18,30,4.8,5.4,6,14,1.042,1.01,1.018,2012-03-21 20:06:46,2015-04-07 15:41:26,,,,
3nOoHH,TK Lager,TK Lager,5.5,,32,N,verified,Verified,2015-01-07 22:15:16,2015-01-07 22:15:16,,,,,,,,,,32,3,3,North American Origin Ales,2012-03-21 20:06:45,American-Style Amber/Red Ale,Amber,"American amber/red ales range from light copper to light brown in color. They are characterized by American-variety hops used to produce the perception of medium hop bitterness, flavor, and medium aroma. Amber ales have medium-high to high maltiness with medium to low caramel character. They should have medium to medium-high body. The style may have low levels of fruityester flavor and aroma. Diacetyl can be either absent or barely perceived at very low levels. Chill haze is allowable at cold temperatures. Slight yeast haze is acceptable for bottle-conditioned products.",30,40,4.5,6,11,18,1.048,1.012,1.018,2012-03-21 20:06:45,2015-04-07 15:26:52,,,,
0toa5O,Zima Clear,Zima Clear,5,,161,N,verified,Verified,2012-01-03 02:44:34,2019-07-12 15:24:38,,,,,,,,,,161,14,14,Malternative Beverages,2014-07-10 14:11:26,Flavored Malt Beverage,Flavored Malt Beverage,"Flavored malt beverages are brewery products that are different from traditional malt beverages like malt liquor, ales, and lagers in several aspects. Flavored malt beverages exhibit little or no traditional beer or malt beverage flavor characteristics. Their flavor is primarily derived from added flavoring rather than from malt and other materials used in fermentation. However,  flavored malt beverages are marketed in traditional beer bottles and cans and distributed to the alcohol beverage market through beer and malt beverage wholesalers. Their alcohol content is similar to other malt beverages – in the range of 4-6% alcohol by volume.",,,4,6,,,,,,2014-07-10 14:15:20,2015-04-07 15:49:43,,,"Malternative Beverages, also known as ""ready-to-drink"" beverages, are sweet, sometime carbonated, beverages that are low in alcohol.",2014-07-10 14:20:24
